AN00,AN01,AN02,AN03,AN04,AN05,AN06,AN07,AN08,AN09,AN10,AN11,AN12,AN13,AN14,AN15,AN16,AN17,AN18,AN19,AN20,AN21,AN22,AN23,AN24,AN25,AN26,AN27,AN28,AN29,M00,M01,M02,M03,M04,M05,M06,M07,M08,M09,M10,M11,M12,M13,M14,M15,M16,M17,M18,M19,M20,M21,M22,M23,M24,M25,M26,M27,M28,M29,BN00,BN01,BN02,BN03,BN04,BN05,BN06,BN07,BN08,BN09,BN10,BN11,BN12,BN13,BN14,BN15,BN16,BN17,BN18,BN19,BN20,BN21,BN22,BN23,BN24,BN25,BN26,BN27,BN28,BN29,Detector,sm,ADCSUM,MXmax,MXavg,MXRatio,Amax,Aavg,ARatio,Bmax,Bavg,BRatio,Asum,MXsum,Bsum
11,9,10,10,9,10,11,8,10,11,13,17,20,18,17,15,15,12,9,12,12,11,13,10,10,9,13,9,10,9,16,27,26,21,26,35,32,28,21,22,24,22,19,17,16,18,17,17,17,20,21,22,18,16,14,16,14,14,11,14,8,9,10,10,9,11,8,12,9,12,9,10,12,13,18,18,27,32,27,21,17,18,17,13,14,12,12,13,14,13,185,6,1382,35,20.033333333333335,0.5723809523809524,20,11.766666666666667,0.5883333333333334,32,14.266666666666667,0.44583333333333336,353,601,428
16,25,26,19,16,13,10,13,13,12,11,14,12,15,13,12,12,11,11,10,12,10,12,10,9,9,11,10,12,10,15,28,27,26,23,22,19,16,17,20,22,23,21,17,18,31,47,38,32,30,26,23,20,17,18,16,15,16,14,13,10,9,10,12,13,12,12,12,8,12,12,15,13,14,12,26,39,34,33,36,32,26,22,19,20,16,15,17,16,14,20,0,1600,47,22.333333333333332,0.47517730496453897,26,12.966666666666667,0.4987179487179487,39,18.033333333333335,0.4623931623931624,389,670,541
11,15,18,21,17,12,15,15,13,13,12,12,13,12,10,11,13,11,10,10,10,11,12,9,10,8,10,8,12,11,13,22,41,45,35,27,24,21,24,22,22,23,19,19,18,18,19,17,17,14,15,14,13,15,13,14,12,14,11,11,8,12,13,15,11,11,11,14,12,13,14,14,13,14,13,15,18,15,20,18,16,18,18,16,14,11,9,13,11,13,21,0,1370,45,19.733333333333334,0.43851851851851853,21,12.166666666666666,0.5793650793650793,20,13.766666666666667,0.6883333333333334,365,592,413
18,27,26,22,21,20,20,18,19,19,15,16,17,15,14,15,14,14,15,12,12,13,12,10,12,12,12,11,11,10,12,12,11,14,16,17,17,17,19,23,18,16,20,23,24,33,35,31,26,24,22,20,19,17,16,12,13,15,12,13,11,10,10,9,8,12,11,9,9,11,11,9,10,10,14,13,13,13,11,14,13,16,14,9,12,9,11,8,10,8,23,0,1367,35,18.9,0.5399999999999999,27,15.733333333333333,0.582716049382716,16,10.933333333333334,0.6833333333333333,472,567,328
8,10,11,8,11,8,10,14,10,10,9,9,15,24,29,26,24,21,18,18,18,18,14,15,14,14,12,12,13,12,9,13,12,14,14,14,20,29,27,23,18,25,25,28,31,30,31,25,21,19,15,15,17,14,12,13,13,12,15,13,9,9,7,11,9,9,13,12,11,11,11,15,19,26,38,42,39,29,23,20,19,18,17,15,16,12,12,13,13,12,428,14,1512,31,18.9,0.6096774193548387,29,14.5,0.5,42,17.0,0.40476190476190477,435,567,510
16,31,30,24,19,18,20,23,26,26,32,28,25,20,19,15,17,25,39,35,27,20,19,19,17,14,14,13,14,14,11,11,11,12,8,11,14,12,16,15,22,21,22,16,15,13,20,56,115,106,71,48,37,29,26,25,22,21,20,18,8,9,10,11,11,8,10,12,10,11,8,11,9,7,9,12,10,14,17,17,14,13,11,12,12,13,10,9,8,12,280,9,1831,115,28.133333333333333,0.24463768115942028,39,21.966666666666665,0.5632478632478632,17,10.933333333333334,0.6431372549019608,659,844,328
9,14,15,17,20,21,17,13,10,13,12,12,12,12,13,9,11,11,11,11,10,11,13,11,13,10,8,10,8,9,9,8,11,10,11,10,8,10,10,11,13,10,9,11,12,16,28,40,36,36,32,27,24,21,17,16,15,14,16,15,9,10,9,13,10,9,11,11,9,10,10,10,8,8,9,12,9,11,14,30,39,40,30,22,18,15,16,14,12,13,480,16,1313,40,16.866666666666667,0.4216666666666667,21,12.2,0.5809523809523809,40,14.7,0.3675,366,506,441
9,10,13,11,14,21,31,34,35,33,34,38,44,42,41,50,65,70,76,86,83,69,49,39,34,30,28,25,24,24,38,83,91,88,84,153,256,273,247,215,191,172,169,148,127,119,120,113,103,93,85,75,64,55,51,45,45,40,37,33,56,121,111,87,70,78,95,91,75,64,54,45,43,37,32,31,28,28,23,23,24,21,19,21,17,18,16,17,18,16,481,16,5954,273,113.76666666666667,0.41672771672771675,86,38.733333333333334,0.4503875968992248,121,45.96666666666667,0.37988980716253445,1162,3413,1379
11,13,14,16,18,19,16,20,16,22,24,29,36,48,62,67,77,98,113,118,115,95,65,50,41,37,34,29,30,27,59,121,114,117,130,121,101,80,76,80,84,92,97,106,103,100,89,90,86,76,67,54,49,42,39,33,31,30,27,26,76,144,122,94,77,62,52,42,37,34,32,34,30,31,24,26,22,21,21,22,18,17,17,16,16,16,16,15,12,14,481,16,4840,130,77.33333333333333,0.5948717948717949,118,45.333333333333336,0.384180790960452,144,38.666666666666664,0.2685185185185185,1360,2320,1160
8,9,12,8,10,10,11,10,11,9,10,10,9,9,9,9,10,10,11,10,11,16,13,13,10,11,12,9,11,11,21,79,92,63,43,32,27,25,21,21,17,19,18,14,17,16,17,16,13,15,13,14,12,13,12,12,12,11,12,13,34,77,65,50,36,29,24,22,19,17,14,17,16,14,15,13,13,14,14,12,14,12,11,12,12,11,13,11,12,13,530,17,1658,92,23.666666666666668,0.25724637681159424,16,10.4,0.65,77,21.2,0.2753246753246753,312,710,636
11,23,35,44,46,48,41,30,25,23,25,23,21,22,20,18,21,19,24,26,26,21,20,16,18,15,17,13,13,13,8,11,11,12,14,19,21,27,43,80,94,135,155,152,151,179,201,177,154,131,109,84,71,61,53,50,46,40,38,37,13,20,26,31,35,54,56,47,40,38,48,53,44,38,34,32,34,32,29,31,31,30,25,23,21,18,20,17,17,14,532,17,4032,201,78.8,0.39203980099502483,48,23.9,0.4979166666666666,56,31.7,0.5660714285714286,717,2364,951
10,10,10,12,8,17,46,63,46,30,26,19,19,17,16,14,15,14,14,15,16,13,13,13,13,11,12,10,13,12,10,8,7,11,11,22,82,97,66,43,35,24,21,23,21,18,18,17,18,17,16,14,13,15,15,14,14,13,13,13,11,10,10,10,9,16,29,28,24,17,16,16,14,12,13,14,9,10,12,11,12,10,12,11,13,13,12,11,12,11,121,4,1664,97,23.633333333333333,0.2436426116838488,63,18.233333333333334,0.2894179894179894,29,13.6,0.4689655172413793,547,709,408
13,18,18,16,14,15,13,12,12,14,11,11,13,12,11,12,12,13,10,10,11,10,10,10,11,7,9,10,12,10,18,27,23,30,38,33,27,20,24,21,23,22,18,18,18,18,20,20,16,12,14,15,16,14,14,12,15,11,12,11,11,12,10,12,14,13,13,14,16,16,18,18,16,17,18,19,24,25,24,21,20,19,17,15,14,12,14,14,13,15,355,11,1424,38,19.333333333333332,0.5087719298245613,18,12.0,0.6666666666666666,25,16.133333333333333,0.6453333333333333,360,580,484
14,17,18,14,15,11,11,10,11,11,14,13,11,10,11,8,11,9,12,10,10,11,11,8,8,12,11,11,12,11,24,55,45,34,34,37,33,29,25,28,24,27,24,19,19,17,17,17,16,16,16,15,14,13,13,13,12,11,12,13,12,14,15,13,16,16,19,15,15,16,17,23,20,16,17,16,21,22,19,18,17,16,14,14,13,12,12,11,11,10,356,11,1488,55,22.4,0.40727272727272723,18,11.533333333333333,0.6407407407407407,23,15.666666666666666,0.6811594202898551,346,672,470
11,21,39,41,35,25,19,16,16,16,13,13,12,14,13,14,14,11,12,11,13,12,13,12,15,11,13,12,11,15,19,87,126,104,76,55,40,34,29,27,24,23,22,21,19,19,19,15,17,17,15,16,15,17,14,13,12,12,15,12,11,27,47,53,57,47,40,32,26,21,22,19,18,18,15,15,15,13,15,14,14,13,11,11,13,11,13,12,13,14,536,17,2077,126,31.133333333333333,0.24708994708994708,41,16.433333333333334,0.4008130081300813,57,21.666666666666668,0.3801169590643275,493,934,650
8,10,7,10,11,7,10,12,11,30,60,67,53,39,33,25,23,20,19,19,18,17,15,15,12,14,14,14,13,14,10,10,9,9,10,11,10,9,9,17,39,57,65,66,71,63,50,39,29,27,25,22,22,19,19,19,16,17,16,17,12,11,13,8,10,11,9,10,11,11,12,11,16,23,46,71,84,76,54,42,32,26,24,21,21,20,15,17,16,14,537,17,2169,71,26.733333333333334,0.37652582159624415,67,20.666666666666668,0.3084577114427861,84,24.9,0.29642857142857143,620,802,747
11,9,11,10,9,12,13,14,12,10,10,13,13,14,14,20,25,20,27,43,42,29,24,19,19,19,16,14,13,13,21,35,25,25,25,25,30,33,32,27,24,24,21,21,20,22,22,18,19,22,21,16,14,15,13,16,11,12,12,14,26,44,34,25,20,17,18,19,17,13,14,16,13,14,14,10,10,12,12,14,12,11,10,13,12,12,12,8,13,12,498,16,1630,35,21.166666666666668,0.6047619047619048,43,17.266666666666666,0.4015503875968992,44,15.9,0.3613636363636364,518,635,477
8,9,13,10,10,13,14,14,14,17,15,15,15,18,20,19,22,25,24,22,24,22,23,21,15,17,15,14,13,12,18,42,44,36,31,39,37,29,27,26,27,26,24,20,21,18,22,18,15,17,13,16,14,13,14,16,12,14,13,13,16,37,38,26,20,20,17,18,15,16,12,13,11,11,14,12,10,12,15,12,10,11,13,11,10,12,11,11,11,12,419,13,1625,44,22.5,0.5113636363636364,25,16.433333333333334,0.6573333333333333,38,15.233333333333333,0.4008771929824561,493,675,457
24,50,46,34,31,32,30,25,22,22,20,17,17,14,15,16,14,10,12,12,14,13,11,10,12,13,14,12,11,12,33,79,72,62,94,131,122,107,103,106,107,101,89,83,84,79,68,60,51,51,49,45,42,34,30,28,26,23,24,23,13,12,11,14,18,26,22,25,29,35,45,51,55,64,86,91,81,77,79,85,93,100,82,58,46,38,33,33,32,28,130,4,4053,131,66.86666666666666,0.5104325699745547,50,19.5,0.39,100,48.733333333333334,0.48733333333333334,585,2006,1462
10,18,30,32,26,18,20,21,24,21,18,17,17,15,16,16,14,12,11,12,11,11,11,11,13,11,10,11,11,11,11,27,55,55,46,35,26,30,38,35,34,36,38,31,27,25,24,18,18,18,16,17,15,15,16,15,15,14,14,16,11,9,15,15,13,11,13,11,15,9,11,14,15,16,17,20,17,19,15,15,12,12,12,10,14,9,9,11,12,12,130,4,1653,55,26.0,0.4727272727272727,32,15.966666666666667,0.49895833333333334,20,13.133333333333333,0.6566666666666666,479,780,394
18,24,26,28,29,26,25,21,18,14,10,12,12,14,13,9,12,12,10,10,15,11,12,12,12,11,12,12,11,11,10,12,14,17,18,27,37,34,27,20,19,18,21,18,17,14,13,14,13,13,13,11,15,13,13,10,10,13,12,12,9,10,10,9,11,11,14,11,12,16,15,14,17,24,29,23,20,14,17,16,14,14,14,15,12,14,12,12,12,12,247,8,1393,37,16.6,0.4486486486486487,29,15.4,0.5310344827586208,29,14.433333333333334,0.49770114942528737,462,498,433
9,10,11,9,11,12,10,12,10,12,9,12,19,34,41,29,26,25,21,20,14,13,12,13,14,13,13,13,13,13,11,11,10,10,11,13,11,19,51,52,38,28,22,27,22,21,19,16,13,17,14,14,15,13,12,15,13,14,14,11,16,25,27,23,18,18,16,13,14,12,11,11,11,15,13,11,10,11,10,12,11,10,12,10,11,11,12,11,10,9,248,8,1434,52,18.566666666666666,0.35705128205128206,41,15.766666666666667,0.3845528455284553,27,13.466666666666667,0.49876543209876545,473,557,404
11,9,8,9,9,9,7,10,11,10,9,11,11,13,13,15,14,16,16,22,17,16,13,11,14,12,10,10,12,11,10,15,17,19,19,17,18,32,45,36,35,49,54,46,36,37,29,31,27,27,28,32,27,23,20,17,18,17,15,16,8,10,9,10,9,10,13,10,9,8,9,10,10,13,9,10,9,10,9,10,9,9,9,11,35,102,111,98,88,66,360,12,1904,54,27.066666666666666,0.5012345679012346,22,11.966666666666667,0.543939393939394,111,24.433333333333334,0.2201201201201201,359,812,733
13,20,20,19,19,13,12,12,11,13,11,12,11,12,10,11,10,8,10,10,10,9,12,9,10,12,12,9,11,12,10,9,11,10,11,7,11,11,10,13,13,16,18,30,33,30,29,25,27,25,18,18,16,14,17,16,14,12,13,12,11,8,9,10,11,18,26,25,22,21,20,20,21,20,17,17,15,15,13,15,15,10,11,11,9,10,13,12,10,12,172,5,1309,33,16.633333333333333,0.5040404040404041,20,12.1,0.605,26,14.9,0.573076923076923,363,499,447
9,11,17,19,20,17,17,19,19,15,16,18,17,18,14,14,13,12,11,12,11,11,11,11,10,8,10,12,13,7,10,11,11,9,8,10,12,14,10,14,28,58,56,48,36,30,25,25,21,19,19,18,16,14,15,14,13,13,15,16,10,10,10,10,11,10,12,11,9,8,11,15,17,18,16,18,17,19,19,21,23,21,18,17,12,14,11,12,14,11,173,5,1445,58,20.266666666666666,0.34942528735632183,20,13.733333333333333,0.6866666666666666,23,14.166666666666666,0.6159420289855072,412,608,425
13,23,27,22,16,17,12,12,13,14,12,12,11,8,10,13,12,7,11,11,12,9,11,11,10,11,9,12,10,11,32,93,88,59,42,32,27,22,21,19,18,20,17,18,15,16,15,13,16,15,13,12,14,14,13,12,13,13,12,11,12,14,16,13,10,10,12,10,10,10,10,10,9,10,12,12,11,12,12,11,11,9,10,9,11,11,9,10,9,9,174,5,1431,93,24.166666666666668,0.25985663082437277,27,12.733333333333333,0.47160493827160493,16,10.8,0.675,382,725,324
14,12,11,8,8,11,10,18,60,109,93,63,44,33,28,26,24,21,21,20,17,18,17,16,15,16,16,16,12,13,10,10,12,12,11,8,11,10,10,10,10,10,10,10,10,9,12,11,20,75,138,126,93,66,49,37,30,28,27,25,18,55,56,37,27,24,18,17,15,14,16,18,14,13,13,16,12,12,14,13,12,10,11,12,11,10,11,12,11,12,174,5,2224,138,30.0,0.21739130434782608,109,26.333333333333332,0.24159021406727826,56,17.8,0.3178571428571429,790,900,534
9,11,9,9,9,9,12,10,8,10,11,14,39,70,70,49,37,30,24,22,19,21,18,15,17,17,14,14,13,15,10,10,7,9,10,11,20,58,100,108,77,54,41,33,30,24,21,21,21,20,17,18,18,18,15,17,17,15,12,13,10,12,9,11,12,10,10,10,8,10,12,11,11,10,8,11,9,11,20,51,71,52,37,28,22,20,19,17,16,15,174,5,2023,108,28.166666666666668,0.26080246913580246,70,20.833333333333332,0.2976190476190476,71,18.433333333333334,0.2596244131455399,625,845,553
11,11,10,10,8,10,11,11,8,9,10,8,7,8,10,10,22,39,58,52,37,29,25,20,19,18,18,18,13,16,99,188,151,94,64,49,43,33,30,27,26,27,26,23,21,21,21,20,18,20,17,16,16,15,16,15,14,13,12,11,12,12,18,47,68,59,42,31,23,21,20,18,19,15,16,15,15,15,16,14,13,13,13,14,13,11,11,11,12,13,174,5,2302,188,38.2,0.20319148936170214,58,17.866666666666667,0.3080459770114943,68,20.666666666666668,0.303921568627451,536,1146,620
11,11,10,10,10,9,10,11,9,8,10,9,8,12,11,7,11,11,24,22,17,16,14,13,13,13,14,12,12,12,62,102,77,55,44,32,32,24,24,21,20,19,17,18,17,17,17,14,15,14,15,14,14,13,15,14,13,12,14,13,8,10,12,20,42,63,53,38,27,24,19,18,17,15,15,15,16,14,15,13,14,14,14,13,11,13,12,12,11,10,174,5,1716,102,25.933333333333334,0.2542483660130719,24,12.0,0.5,63,19.266666666666666,0.3058201058201058,360,778,578
17,27,25,23,18,16,13,14,15,13,12,11,14,13,10,12,11,10,11,12,10,10,9,13,13,12,9,10,9,11,11,16,34,53,49,33,25,19,18,18,17,14,17,14,14,15,13,13,13,11,13,12,10,11,12,11,12,11,10,10,10,13,13,21,23,21,21,24,20,18,13,13,13,11,10,11,12,14,11,11,10,11,11,11,11,11,11,11,12,10,294,9,1344,53,17.633333333333333,0.33270440251572325,27,13.433333333333334,0.4975308641975309,24,13.733333333333333,0.5722222222222222,403,529,412
15,21,20,27,28,23,19,18,19,23,18,22,18,16,16,17,16,14,18,18,15,14,15,14,11,15,12,12,12,12,10,13,10,12,12,9,7,11,14,13,13,15,18,18,19,22,20,28,42,50,47,35,29,22,20,18,16,17,15,17,9,12,14,9,11,8,10,7,11,9,11,11,10,11,12,10,9,16,16,17,18,16,12,11,12,12,11,9,10,9,224,7,1453,50,19.733333333333334,0.39466666666666667,28,17.266666666666666,0.6166666666666666,18,11.433333333333334,0.6351851851851852,518,592,343
11,12,14,12,11,15,12,14,10,12,12,15,15,12,14,14,14,16,16,15,12,14,12,14,14,14,18,23,22,20,14,16,14,16,17,20,21,20,24,29,40,38,32,27,26,23,24,29,39,42,42,40,37,30,27,27,35,35,26,25,10,10,7,9,10,11,10,11,10,11,12,11,12,12,12,11,13,14,19,18,18,22,21,20,18,24,38,46,38,35,227,7,1777,42,27.833333333333332,0.6626984126984127,23,14.3,0.6217391304347827,46,17.1,0.3717391304347826,429,835,513
12,10,9,9,10,9,12,10,13,9,11,10,11,13,15,13,13,16,17,18,19,14,13,10,14,13,13,11,12,9,33,55,44,36,33,27,24,23,23,21,20,19,18,18,15,16,15,13,17,23,20,18,15,16,15,13,14,13,13,12,18,27,21,18,17,13,13,10,9,13,14,13,12,10,10,12,12,10,12,13,16,24,30,25,21,21,17,15,13,14,297,9,1483,55,21.4,0.38909090909090904,19,12.266666666666667,0.6456140350877193,30,15.766666666666667,0.5255555555555556,368,642,473
15,22,20,18,18,20,22,24,46,79,93,76,57,43,36,32,27,26,20,24,20,20,21,19,16,17,16,18,14,17,11,14,11,11,14,17,20,46,175,398,454,363,251,183,134,111,97,85,77,70,70,60,54,50,48,42,44,39,35,32,10,11,10,9,10,9,9,16,36,97,108,80,53,44,33,31,25,23,26,24,21,21,22,19,19,19,14,17,17,13,418,13,4758,454,100.53333333333333,0.22143906020558002,93,29.866666666666667,0.3211469534050179,108,28.2,0.2611111111111111,896,3016,846
33,39,35,26,24,19,21,16,17,19,19,20,16,17,15,16,14,13,12,13,13,12,12,13,12,9,12,11,13,11,23,26,23,26,21,16,18,17,26,29,38,32,29,28,26,26,26,26,29,32,26,24,20,20,17,17,17,13,13,14,10,10,8,9,11,10,9,11,10,11,14,13,12,14,13,12,14,13,18,22,17,17,14,12,12,11,12,12,14,12,115,3,1597,38,23.266666666666666,0.612280701754386,39,17.4,0.4461538461538461,22,12.566666666666666,0.5712121212121212,522,698,377
14,22,22,15,16,14,15,13,13,11,11,9,13,10,12,9,10,11,12,8,9,11,9,11,12,9,11,8,9,12,24,41,39,36,26,27,21,21,23,24,24,18,14,16,14,15,17,15,12,12,13,13,13,12,12,10,10,12,9,12,13,14,15,15,12,14,14,16,29,31,24,21,18,18,16,14,14,13,11,11,12,10,9,10,13,11,12,15,7,9,450,15,1357,41,18.5,0.45121951219512196,22,12.033333333333333,0.546969696969697,31,14.7,0.47419354838709676,361,555,441
17,20,18,16,14,15,17,15,15,16,19,18,22,22,18,16,16,16,21,23,25,20,16,15,14,13,12,11,13,13,13,10,11,8,12,9,10,10,11,10,11,14,14,14,16,16,19,25,37,51,68,59,41,31,25,22,20,19,18,15,11,10,12,9,8,12,8,11,10,9,11,11,10,10,9,12,11,13,12,16,20,19,17,14,13,12,12,13,10,12,451,15,1502,68,21.3,0.31323529411764706,25,16.866666666666667,0.6746666666666666,20,11.9,0.595,506,639,357
20,38,41,50,53,47,36,32,29,24,23,19,18,20,17,18,16,14,14,14,15,14,13,14,15,9,11,13,11,14,14,16,18,35,55,52,47,53,61,49,42,34,33,33,28,26,27,24,23,25,20,20,20,15,16,17,15,15,12,16,9,10,10,10,12,10,13,14,16,15,15,15,13,15,17,16,18,18,19,23,27,25,21,16,16,17,13,13,10,13,453,15,1992,61,28.7,0.4704918032786885,53,22.4,0.4226415094339622,27,15.3,0.5666666666666667,672,861,459
8,11,13,12,17,16,15,16,11,15,14,15,16,15,17,27,41,34,26,22,20,17,18,19,16,17,13,14,11,13,9,12,16,25,32,30,28,27,26,23,26,28,30,30,37,92,163,134,85,63,52,46,48,49,44,38,33,32,27,25,12,10,10,11,11,12,12,12,12,12,13,10,9,11,12,18,21,22,16,15,13,14,10,13,12,11,12,13,12,11,220,7,2211,163,43.666666666666664,0.26789366053169733,41,17.3,0.42195121951219516,22,12.733333333333333,0.5787878787878787,519,1310,382
12,10,15,14,31,57,52,41,33,29,27,23,23,22,19,17,15,15,15,13,16,14,11,14,13,12,13,11,12,15,10,10,11,10,12,17,17,15,23,25,48,63,55,48,44,36,30,27,23,22,19,20,19,18,16,16,16,15,13,13,10,11,9,7,11,11,9,10,10,12,16,16,19,26,27,27,34,45,45,40,34,28,23,20,17,15,16,18,14,13,244,8,1918,63,23.7,0.3761904761904762,57,20.466666666666665,0.3590643274853801,45,19.766666666666666,0.43925925925925924,614,711,593
12,20,25,21,17,13,13,15,12,12,12,11,10,12,11,11,10,11,10,12,13,10,11,11,11,11,10,13,9,10,17,57,84,67,47,34,27,23,22,22,21,20,19,17,19,16,16,14,16,14,13,15,13,14,12,12,12,12,10,12,10,19,26,21,16,17,15,14,14,17,19,19,20,19,19,15,16,16,18,17,14,14,14,12,15,11,11,11,8,9,283,9,1542,84,23.233333333333334,0.2765873015873016,25,12.633333333333333,0.5053333333333333,26,15.533333333333333,0.5974358974358974,379,697,466
8,12,22,30,28,23,20,16,15,15,13,12,14,14,11,10,13,14,12,9,11,13,11,13,11,11,9,12,10,13,11,13,24,32,41,33,27,25,22,21,20,24,20,20,18,15,15,16,15,16,14,14,14,15,12,14,15,11,13,11,10,10,9,9,12,11,11,11,12,14,15,19,18,17,19,17,19,17,21,27,25,23,16,15,14,11,14,12,11,14,284,9,1439,41,18.7,0.4560975609756097,30,14.166666666666666,0.4722222222222222,27,15.1,0.5592592592592592,425,561,453
17,22,21,18,19,16,14,18,16,16,17,16,14,12,15,13,14,14,12,11,12,14,12,14,12,13,11,12,11,10,10,9,10,12,11,13,12,14,13,14,15,16,16,16,21,27,34,54,51,42,33,25,22,19,19,18,16,15,16,14,10,11,12,10,11,9,8,10,10,11,10,9,11,10,13,15,19,32,33,32,29,22,19,18,16,15,13,12,14,13,285,9,1500,54,20.233333333333334,0.3746913580246914,22,14.533333333333333,0.6606060606060606,33,15.233333333333333,0.4616161616161616,436,607,457
55,101,86,61,43,35,30,24,22,20,24,32,51,43,36,30,25,26,26,23,20,21,18,16,17,15,16,19,14,15,86,167,134,89,64,48,40,33,30,27,28,30,34,30,26,23,19,24,24,24,20,20,20,18,17,16,16,15,13,13,27,47,41,27,21,15,14,14,15,14,15,12,13,12,14,13,13,13,13,11,10,13,9,9,12,10,9,11,9,11,97,3,2579,167,38.266666666666666,0.22914171656686627,101,32.13333333333333,0.31815181518151814,47,15.566666666666666,0.3312056737588652,964,1148,467
17,26,25,20,15,14,16,15,14,14,15,13,14,14,13,13,11,14,14,9,12,12,10,11,11,11,13,10,10,12,16,27,27,24,19,25,35,27,26,29,31,26,28,26,22,22,20,20,17,18,20,19,23,16,16,14,17,16,14,12,10,8,7,11,11,11,12,12,10,10,14,13,10,10,14,13,11,10,15,13,15,24,26,18,18,13,10,12,11,11,100,3,1453,35,21.733333333333334,0.620952380952381,26,13.933333333333334,0.5358974358974359,26,12.766666666666667,0.49102564102564106,418,652,383
20,23,19,18,18,25,29,28,31,24,21,18,17,20,18,19,18,16,17,14,13,13,13,12,14,13,9,12,11,12,25,40,33,27,27,24,25,30,27,21,17,17,17,17,15,15,13,14,13,14,13,13,12,11,10,11,11,10,12,12,10,10,10,10,12,12,12,12,13,14,14,16,16,17,18,24,22,24,23,19,21,17,16,16,13,13,13,12,12,13,18,0,1535,40,18.2,0.45499999999999996,31,17.833333333333332,0.575268817204301,24,15.133333333333333,0.6305555555555555,535,546,454
18,27,29,26,21,19,14,15,16,14,15,15,13,13,17,12,14,11,13,10,13,12,14,9,9,12,11,9,11,11,16,29,32,31,27,23,21,20,24,27,30,28,26,31,36,31,27,21,21,19,17,15,14,14,15,14,16,14,14,15,10,10,12,11,12,12,10,9,12,12,12,12,14,15,18,16,17,15,12,12,12,13,13,10,11,12,11,10,9,11,367,12,1476,36,22.266666666666666,0.6185185185185185,29,14.766666666666667,0.5091954022988506,18,12.166666666666666,0.6759259259259259,443,668,365
14,20,21,17,17,18,13,14,13,14,13,10,10,13,11,12,12,13,11,10,10,13,10,10,12,12,9,11,10,12,16,22,23,19,21,26,25,22,18,22,24,23,21,18,15,17,15,14,14,15,14,14,11,11,12,14,13,12,11,13,8,11,11,10,12,15,11,10,11,14,16,16,14,13,13,16,14,14,17,15,23,24,17,13,15,14,9,14,13,14,391,13,1317,26,17.166666666666668,0.6602564102564104,21,12.833333333333334,0.6111111111111112,24,13.9,0.5791666666666667,385,515,417
27,54,49,34,26,24,19,20,20,18,13,16,17,17,13,14,13,13,12,13,11,14,10,13,12,14,11,11,10,11,15,27,25,20,22,26,21,19,17,19,24,39,47,37,28,25,23,19,21,18,18,16,15,13,15,14,14,16,12,14,12,11,9,10,9,12,10,9,9,10,13,19,25,25,19,21,21,21,20,21,23,20,16,14,12,15,13,14,12,14,392,13,1647,47,21.3,0.4531914893617021,54,18.3,0.3388888888888889,25,15.3,0.612,549,639,459
10,12,12,15,11,14,18,21,20,17,16,15,13,15,14,17,21,17,12,14,14,13,13,12,10,11,13,12,10,13,9,9,12,8,10,9,10,9,13,12,10,14,11,10,15,26,39,48,43,40,46,40,29,23,22,15,20,18,17,15,9,8,8,10,8,10,11,11,8,12,10,13,10,9,13,11,15,14,13,17,23,20,17,15,13,11,10,11,12,9,400,13,1388,48,20.066666666666666,0.41805555555555557,21,14.166666666666666,0.6746031746031745,23,12.033333333333333,0.5231884057971015,425,602,361
10,12,15,14,14,13,15,13,18,41,88,78,53,40,32,31,28,29,29,29,31,29,24,23,18,17,17,16,16,16,10,10,11,9,9,10,11,13,17,22,60,137,143,120,97,75,64,60,57,47,40,36,31,29,26,28,27,22,21,20,15,24,22,21,18,18,19,18,18,29,51,49,30,25,25,21,19,18,15,16,15,14,13,16,14,14,13,12,13,15,366,12,2681,143,42.06666666666667,0.2941724941724942,88,26.966666666666665,0.3064393939393939,51,20.333333333333332,0.3986928104575163,809,1262,610
10,12,12,18,31,32,46,60,47,35,28,23,21,21,17,18,16,16,12,16,13,14,13,14,11,14,14,11,14,8,22,44,47,69,85,79,71,70,56,42,35,28,27,24,22,22,22,16,20,16,19,18,15,16,16,16,14,12,11,15,12,20,16,17,19,17,16,17,18,21,24,20,20,18,23,33,50,48,35,30,25,23,21,20,18,18,19,17,13,17,367,12,2251,85,32.3,0.37999999999999995,60,20.566666666666666,0.3427777777777778,50,22.166666666666668,0.44333333333333336,617,969,665
9,9,11,10,11,10,11,9,9,10,14,17,14,15,21,22,24,30,37,54,82,76,56,39,29,26,24,23,20,18,11,8,11,10,13,10,11,13,13,25,62,74,65,57,66,71,64,53,47,42,45,38,33,25,24,23,20,22,17,18,8,10,9,11,9,11,8,12,15,33,53,57,47,35,31,27,22,22,20,16,18,13,14,16,14,16,12,13,14,13,367,12,2330,74,33.03333333333333,0.4463963963963964,82,24.666666666666668,0.3008130081300813,57,19.966666666666665,0.3502923976608187,740,991,599
15,27,25,23,18,14,14,12,13,11,16,12,14,12,13,13,10,11,9,14,13,10,10,8,10,10,10,12,12,12,52,175,179,142,112,99,95,77,61,53,48,43,41,35,32,29,29,26,27,25,23,22,23,19,20,17,17,16,15,13,14,23,27,26,27,38,50,43,41,47,51,62,67,56,47,46,41,36,32,28,26,24,22,20,19,20,17,16,15,16,370,12,2965,179,52.166666666666664,0.2914338919925512,27,13.433333333333334,0.4975308641975309,67,33.233333333333334,0.49601990049751243,403,1565,997
10,11,10,9,9,10,11,18,32,87,137,123,103,82,58,47,39,34,33,27,26,22,23,25,23,21,19,20,18,18,11,9,10,10,11,11,13,9,11,18,56,154,252,229,155,104,75,61,51,48,41,37,35,36,31,30,28,26,27,22,12,9,10,10,8,11,10,12,19,18,17,10,11,11,12,11,8,13,10,10,8,9,11,9,9,11,10,12,11,10,97,3,3048,252,53.7,0.21309523809523812,137,36.833333333333336,0.2688564476885645,19,11.066666666666666,0.5824561403508772,1105,1611,332
10,9,8,10,10,10,13,11,12,9,11,9,13,16,27,43,63,65,59,50,44,35,27,26,22,19,20,20,17,16,10,10,11,26,146,267,248,185,128,92,71,59,49,45,42,38,35,34,32,30,27,26,28,25,24,22,23,21,18,17,45,104,91,59,43,33,25,24,22,21,23,18,17,18,14,16,14,13,13,15,16,12,12,13,11,14,10,12,11,12,97,3,3244,267,59.63333333333333,0.2233458177278402,65,23.466666666666665,0.361025641025641,104,25.033333333333335,0.2407051282051282,704,1789,751
17,33,37,29,22,20,19,14,14,16,14,13,11,15,11,13,12,10,10,12,12,13,11,13,11,10,10,11,10,11,13,17,22,22,21,24,25,33,40,39,32,28,23,22,18,18,16,16,15,13,12,15,16,14,12,11,13,13,12,14,12,9,9,11,8,11,13,14,18,20,21,21,24,23,28,30,30,27,25,21,18,16,17,15,15,14,12,13,15,15,99,3,1568,40,19.633333333333333,0.49083333333333334,37,15.133333333333333,0.409009009009009,30,17.5,0.5833333333333334,454,589,525
19,46,48,44,43,35,26,24,21,22,15,16,17,16,11,15,15,15,13,13,12,14,14,14,12,12,9,14,12,12,11,15,19,20,25,25,31,48,53,46,33,32,24,25,20,21,19,17,18,19,14,12,15,11,14,12,13,12,12,13,10,11,10,9,12,10,13,17,22,25,25,25,28,41,44,44,40,30,28,21,21,19,19,17,17,15,17,15,11,14,101,3,1878,53,21.633333333333333,0.4081761006289308,48,19.966666666666665,0.4159722222222222,44,21.0,0.4772727272727273,599,649,630
19,28,33,26,21,18,16,15,18,18,17,16,13,13,14,14,11,12,12,12,10,10,9,11,12,10,9,9,10,10,16,39,52,38,32,30,26,23,35,40,36,27,22,21,20,17,15,16,16,13,13,13,12,13,14,15,14,11,14,10,11,9,10,11,11,12,12,14,12,18,14,15,12,13,11,12,14,12,12,10,10,9,10,11,8,8,10,10,12,9,499,16,1451,52,22.1,0.42500000000000004,33,14.866666666666667,0.4505050505050505,18,11.4,0.6333333333333333,446,663,342
10,9,12,9,7,11,13,17,21,21,18,17,15,15,16,15,15,17,16,14,14,14,12,12,10,11,12,10,10,12,8,7,8,11,8,11,12,12,10,11,11,9,10,16,19,18,24,46,50,39,31,26,24,22,19,17,18,16,15,16,15,20,17,16,17,12,13,12,12,11,11,11,12,12,9,11,11,12,12,10,11,11,9,9,9,9,11,9,8,10,507,16,1301,50,18.133333333333333,0.36266666666666664,21,13.5,0.6428571428571429,20,11.733333333333333,0.5866666666666667,405,544,352
13,10,10,11,23,176,518,541,358,231,159,121,101,87,79,70,64,59,55,50,48,45,40,41,36,33,33,29,30,29,12,9,10,8,15,154,634,785,555,352,237,176,143,123,108,97,88,80,77,71,63,61,57,53,49,44,44,39,40,34,11,11,9,10,10,14,80,394,529,370,239,163,121,98,86,76,68,62,56,53,48,46,44,39,35,37,33,32,28,28,130,4,10148,785,140.6,0.17910828025477707,541,103.33333333333333,0.19100431300061613,529,94.33333333333333,0.17832388153749212,3100,4218,2830
9,10,9,11,11,64,367,679,550,341,221,158,127,110,93,85,76,72,67,61,53,50,48,45,44,41,37,34,34,31,12,10,9,8,9,25,247,747,761,498,313,216,165,138,117,107,94,88,80,74,69,63,59,56,53,48,45,42,37,35,10,11,9,11,12,25,205,644,694,456,292,199,149,127,109,95,86,78,72,69,63,59,56,51,47,45,42,40,37,34,130,4,11590,761,140.83333333333334,0.1850635129215944,679,117.93333333333334,0.173686794305351,694,127.56666666666666,0.18381364073006723,3538,4225,3827
10,14,29,52,46,39,30,25,21,19,17,18,14,17,17,15,14,15,13,13,12,9,9,13,11,13,11,11,10,12,55,323,521,424,289,196,138,108,90,78,68,64,60,57,52,49,46,43,39,39,35,33,29,29,28,26,26,21,22,22,10,19,143,289,246,159,107,79,62,54,48,42,40,36,33,34,31,28,29,26,25,22,18,21,20,19,18,19,18,17,130,4,5271,521,100.33333333333333,0.19257837492002558,52,18.3,0.35192307692307695,289,57.06666666666667,0.19746251441753174,549,3010,1712
70,221,212,176,342,436,343,262,205,155,119,100,88,76,68,65,62,56,51,49,43,42,38,37,36,33,30,29,23,25,14,26,29,44,201,453,519,489,439,329,226,166,131,112,100,89,82,75,71,63,61,57,52,50,45,45,39,37,36,33,9,9,11,19,122,355,405,292,210,150,110,87,76,65,59,53,50,46,43,40,39,36,34,31,29,29,26,26,24,21,130,4,10111,519,137.1,0.26416184971098267,436,116.4,0.26697247706422017,405,83.53333333333333,0.2062551440329218,3492,4113,2506
11,10,7,11,10,12,17,124,347,348,235,161,113,86,71,64,56,52,48,45,39,37,35,33,30,30,30,27,24,21,10,10,11,11,9,11,12,90,412,646,649,534,389,267,199,155,133,116,104,93,85,81,75,68,62,59,53,52,49,43,10,10,9,10,11,7,14,44,267,434,327,209,137,102,82,70,61,58,52,47,44,40,39,36,35,31,33,28,26,24,130,4,8919,649,149.6,0.2305084745762712,348,71.13333333333334,0.20440613026819926,434,76.56666666666666,0.17642089093701996,2134,4488,2297
8,10,23,175,526,551,410,289,194,141,114,98,85,77,73,66,60,55,52,49,46,44,39,38,35,33,32,28,28,27,10,12,9,11,10,10,19,149,541,826,748,532,352,246,192,158,137,121,108,98,94,85,78,71,69,62,61,53,48,47,8,11,43,256,425,337,232,158,113,92,77,67,58,55,49,49,44,40,37,36,35,30,29,24,24,25,23,25,21,20,130,4,10806,826,165.23333333333332,0.20004035512510088,551,113.53333333333333,0.20604960677555959,425,81.43333333333334,0.1916078431372549,3406,4957,2443
16,15,13,12,10,16,24,27,25,27,26,21,21,33,32,29,25,25,20,23,25,22,18,17,16,16,13,11,13,15,27,47,37,30,25,26,40,40,33,32,26,24,22,25,22,19,18,16,16,15,16,15,14,11,14,10,12,13,13,12,13,17,17,13,11,12,15,13,11,13,12,11,11,11,11,12,10,11,11,10,11,10,11,13,12,9,9,9,9,9,539,17,1623,47,22.333333333333332,0.47517730496453897,33,20.2,0.6121212121212121,17,11.566666666666666,0.6803921568627451,606,670,347
9,12,12,11,15,12,14,11,11,14,11,13,14,12,19,33,36,29,22,23,23,25,26,22,21,19,17,14,16,14,25,36,34,34,36,28,24,19,20,18,20,19,17,19,22,33,33,24,21,20,18,17,17,17,16,15,13,14,13,14,19,24,21,21,19,17,15,13,13,12,10,12,11,14,10,12,9,11,10,13,9,12,12,12,11,11,9,9,11,10,539,17,1578,36,21.866666666666667,0.6074074074074074,36,17.666666666666668,0.49074074074074076,24,13.066666666666666,0.5444444444444444,530,656,392
9,11,8,11,8,9,9,11,13,14,17,20,26,47,49,38,28,23,16,20,16,14,15,17,14,14,14,15,14,14,10,7,12,13,11,14,13,16,19,27,44,74,70,49,34,26,24,23,21,21,18,16,19,16,16,15,12,13,13,12,11,12,12,12,9,15,20,37,50,58,55,41,33,29,27,23,19,19,19,17,17,15,16,14,15,13,13,15,14,14,0,0,1876,74,22.6,0.30540540540540545,49,17.8,0.363265306122449,58,22.133333333333333,0.3816091954022988,534,678,664
16,37,37,30,29,25,19,16,17,18,16,17,20,14,14,14,13,15,13,14,12,10,12,13,12,12,11,12,12,13,13,21,28,26,28,29,27,25,26,25,42,58,66,55,39,31,30,24,24,23,22,18,17,15,17,14,15,15,17,15,12,11,10,12,10,11,10,11,14,14,15,24,32,30,23,19,20,18,15,17,17,14,12,13,11,12,11,12,10,11,486,16,1769,66,26.833333333333332,0.4065656565656566,37,17.1,0.4621621621621622,32,15.033333333333333,0.46979166666666666,513,805,451
16,33,33,26,18,15,15,15,15,14,13,12,12,12,13,11,9,13,13,10,13,11,11,12,10,10,7,12,12,11,20,49,45,33,26,20,18,23,31,26,28,23,19,15,16,14,18,13,13,14,14,14,14,14,12,11,11,12,12,11,10,15,12,9,11,11,10,13,17,21,25,22,19,14,13,13,12,14,15,14,11,12,8,12,10,13,12,11,10,11,487,16,1416,49,19.633333333333333,0.40068027210884355,33,14.233333333333333,0.4313131313131313,25,13.333333333333334,0.5333333333333333,427,589,400
11,13,14,28,45,87,123,115,90,68,54,44,40,42,49,45,39,36,32,30,24,24,24,23,19,18,18,17,15,18,9,16,36,106,232,429,668,702,550,392,297,237,198,197,216,193,159,139,130,118,104,97,87,83,74,64,59,54,52,50,10,10,16,35,74,110,170,206,175,131,97,80,66,55,55,52,45,41,36,33,34,32,29,25,27,23,23,22,22,20,487,16,8707,702,191.6,0.2729344729344729,123,40.166666666666664,0.3265582655826558,206,58.46666666666667,0.28381877022653723,1205,5748,1754
10,8,9,9,11,12,13,13,19,23,36,50,58,59,53,45,44,44,36,29,25,19,21,20,19,17,15,17,16,15,10,11,10,13,19,41,70,68,65,69,66,61,49,39,31,28,24,24,23,21,22,20,17,17,19,17,17,15,15,14,24,63,65,59,51,51,56,46,37,32,26,22,20,20,19,18,16,16,16,15,16,15,14,14,14,14,15,12,13,13,489,16,2492,70,30.5,0.4357142857142857,59,25.5,0.4322033898305085,65,27.066666666666666,0.4164102564102564,765,915,812
10,11,10,12,14,22,27,25,20,18,17,15,12,12,14,12,12,13,11,9,11,12,10,12,11,12,12,10,10,10,17,41,61,44,39,32,28,22,19,15,19,17,18,13,15,13,15,11,12,11,13,14,11,11,11,13,11,11,12,12,9,10,10,15,18,20,30,33,29,26,21,21,22,21,25,21,21,18,22,25,20,18,16,16,15,14,13,14,14,14,28,0,1558,61,19.366666666666667,0.31748633879781424,27,13.533333333333333,0.5012345679012346,33,19.033333333333335,0.5767676767676768,406,581,571
10,9,8,11,11,12,9,9,12,10,10,13,8,11,12,11,8,10,8,9,13,23,24,23,18,15,13,14,14,11,18,51,94,121,122,104,100,88,64,54,41,38,34,30,27,30,25,23,23,18,18,19,17,18,19,20,16,14,12,14,14,26,25,17,19,26,24,21,18,16,16,19,17,16,15,14,12,11,14,13,13,13,11,9,13,10,13,13,13,12,76,2,2114,122,42.4,0.3475409836065574,24,12.3,0.5125000000000001,26,15.766666666666667,0.6064102564102565,369,1272,473
23,38,33,25,25,25,24,20,18,18,16,16,16,16,15,14,13,13,15,11,14,14,12,12,13,12,12,9,11,11,49,92,90,85,97,115,126,151,194,231,290,413,430,385,327,278,250,272,374,409,466,465,347,245,188,157,140,125,113,103,10,11,9,10,8,11,12,11,11,11,10,13,11,11,11,15,21,21,16,14,14,14,13,12,10,10,10,13,11,11,76,2,7886,466,233.56666666666666,0.5012160228898426,38,17.133333333333333,0.45087719298245615,21,12.166666666666666,0.5793650793650793,514,7007,365
11,10,10,7,11,15,17,25,34,38,30,27,20,17,13,12,16,15,16,11,12,15,10,9,13,12,11,11,12,13,12,17,15,15,16,14,14,15,18,18,21,21,18,20,23,25,17,20,17,17,15,16,12,14,11,11,13,13,12,14,15,22,24,18,18,16,17,17,17,13,16,13,18,13,16,16,14,14,15,13,15,13,10,10,13,13,13,9,11,12,102,3,1401,25,16.133333333333333,0.6453333333333333,38,15.766666666666667,0.4149122807017544,24,14.8,0.6166666666666667,473,484,444
9,10,10,9,9,11,9,11,9,16,17,24,26,28,22,20,17,17,15,15,14,13,10,13,11,12,12,11,11,10,9,9,12,10,8,11,14,16,24,44,49,38,32,24,20,17,19,16,17,17,15,14,13,11,11,13,12,11,12,10,10,11,10,11,16,28,29,29,27,21,19,18,17,15,18,14,14,12,12,14,11,12,12,10,13,14,9,12,12,10,147,4,1409,49,17.6,0.3591836734693878,28,14.033333333333333,0.5011904761904762,29,15.333333333333334,0.5287356321839081,421,528,460
12,24,26,21,23,20,14,14,14,13,11,13,12,11,10,10,14,10,11,12,9,11,11,8,13,9,10,10,8,10,12,9,26,63,58,40,31,24,21,21,18,18,16,13,14,15,12,13,14,14,15,16,14,11,12,10,9,11,10,11,12,14,16,19,12,10,13,12,10,13,11,13,13,12,11,10,11,9,13,11,10,9,10,10,9,9,11,9,11,12,148,4,1310,63,19.033333333333335,0.3021164021164021,26,13.133333333333333,0.5051282051282051,19,11.5,0.6052631578947368,394,571,345
10,11,9,11,9,8,10,8,9,9,11,11,10,13,10,10,11,14,39,169,354,353,244,159,111,86,73,64,56,52,11,23,112,301,332,239,159,113,87,68,61,56,50,45,41,38,38,33,34,28,29,27,25,24,25,24,21,21,18,16,19,52,86,116,137,130,106,90,85,76,58,51,40,35,33,30,29,27,27,27,22,22,19,18,16,19,17,18,16,13,362,12,5477,332,69.96666666666667,0.2107429718875502,354,64.8,0.18305084745762712,137,47.8,0.34890510948905107,1944,2099,1434
11,11,12,11,13,19,33,92,164,187,161,125,97,75,61,49,44,39,35,31,31,30,26,23,23,24,22,21,19,17,10,13,18,59,184,304,295,209,138,101,79,66,57,52,45,42,40,38,37,32,31,29,26,26,26,25,22,19,21,19,9,11,10,9,12,9,10,10,10,10,12,13,21,35,40,63,85,113,115,103,81,62,51,38,35,31,28,26,24,25,362,12,4670,304,68.76666666666667,0.2262061403508772,187,50.2,0.2684491978609626,115,36.7,0.3191304347826087,1506,2063,1101
11,10,9,10,12,10,12,15,23,38,70,92,98,92,82,66,52,40,35,28,29,27,24,21,20,22,20,19,17,16,11,9,10,13,39,153,282,281,196,132,93,72,62,54,48,43,39,39,37,34,33,29,30,27,24,25,23,22,21,20,11,10,9,11,12,10,10,12,17,14,16,14,14,11,10,11,11,10,10,11,11,9,11,12,12,10,11,9,12,11,362,12,3263,282,63.36666666666667,0.2247044917257683,98,34.0,0.3469387755102041,17,11.4,0.6705882352941177,1020,1901,342
11,12,13,13,18,39,65,65,50,35,30,26,23,19,18,19,16,16,15,18,14,16,13,14,15,15,15,11,10,14,10,43,80,79,68,56,47,38,31,27,22,22,23,19,20,16,17,16,15,13,14,14,14,14,16,14,14,11,12,12,8,12,10,10,9,11,9,13,10,13,11,8,12,10,12,9,9,10,10,10,15,18,16,14,12,11,10,10,10,11,363,12,1788,80,26.566666666666666,0.33208333333333334,65,21.933333333333334,0.3374358974358974,18,11.1,0.6166666666666667,658,797,333
94,144,108,73,59,45,40,37,33,32,27,30,25,24,22,21,18,17,21,16,17,15,15,16,17,15,13,15,12,13,96,149,120,88,79,70,70,77,98,99,109,112,95,73,62,63,59,57,49,42,37,32,32,29,26,28,24,23,22,20,13,14,15,13,14,15,15,22,28,37,51,65,58,44,43,56,66,66,60,53,53,47,42,34,26,27,24,22,20,20,272,9,4037,149,64.66666666666667,0.4340044742729307,144,34.46666666666667,0.23935185185185187,66,35.43333333333333,0.5368686868686868,1034,1940,1063
58,119,112,88,70,55,47,48,47,42,38,34,30,31,28,28,24,23,23,20,20,19,18,16,15,16,15,15,17,13,20,34,34,31,32,29,31,45,61,68,70,85,89,78,71,72,85,91,87,74,60,51,44,37,34,32,29,28,25,25,9,12,11,12,9,12,10,10,15,14,15,18,23,23,25,32,50,75,90,79,75,66,50,42,31,28,27,25,24,23,273,9,3616,91,51.733333333333334,0.5684981684981685,119,37.63333333333333,0.31624649859943976,90,31.166666666666668,0.3462962962962963,1129,1552,935
71,168,161,130,102,91,81,70,61,52,46,46,42,37,33,32,33,28,29,25,24,22,22,20,18,17,18,17,16,14,52,126,158,171,177,216,223,226,198,179,188,204,184,155,150,162,177,172,149,128,115,109,111,102,89,83,79,77,71,60,17,29,25,20,17,17,15,16,15,14,15,15,13,12,13,12,12,10,11,13,13,11,9,10,9,10,11,12,11,10,274,9,6234,226,143.03333333333333,0.6328908554572271,168,50.86666666666667,0.30277777777777776,29,13.9,0.4793103448275862,1526,4291,417
11,8,11,13,10,13,12,15,13,14,17,16,14,13,13,13,16,24,28,25,21,16,16,15,13,13,13,10,10,9,11,9,9,9,12,11,16,14,16,19,27,22,19,21,19,22,30,106,187,151,96,71,55,46,38,35,30,29,26,24,10,9,12,9,9,9,9,11,11,11,11,8,10,8,13,10,12,19,29,26,18,17,17,12,11,14,15,13,10,12,185,6,2000,187,39.333333333333336,0.21033868092691624,28,14.5,0.5178571428571429,29,12.833333333333334,0.4425287356321839,435,1180,385
15,20,17,18,16,16,17,18,23,25,27,24,20,16,16,15,15,14,16,17,15,17,15,15,13,11,11,12,14,12,10,10,10,10,12,10,10,10,12,16,15,16,15,14,14,14,15,16,20,24,42,57,42,33,24,20,19,17,18,14,10,10,9,11,8,10,10,11,8,8,12,10,9,13,8,8,10,10,11,10,20,24,19,16,17,14,12,11,10,9,342,11,1407,57,18.633333333333333,0.32690058479532164,27,16.666666666666668,0.617283950617284,24,11.6,0.48333333333333334,500,559,348
12,20,20,14,14,12,12,12,14,10,11,12,11,12,10,11,12,11,11,11,11,8,11,9,12,11,12,12,11,11,13,29,34,25,19,20,21,25,22,20,24,42,39,28,24,21,19,17,16,16,15,16,15,14,14,13,13,12,13,14,9,11,12,9,12,10,13,15,13,14,21,44,41,30,26,21,23,25,25,25,21,18,18,17,14,14,16,13,13,13,344,11,1529,42,20.433333333333334,0.4865079365079365,20,12.0,0.6,44,18.533333333333335,0.42121212121212126,360,613,556
12,11,11,13,18,30,48,48,46,38,26,21,18,18,17,15,15,16,15,14,15,14,13,13,14,11,13,14,12,14,11,16,35,61,73,71,62,48,36,31,25,24,22,20,17,18,18,18,13,17,15,14,14,13,12,12,13,15,13,15,17,20,17,11,14,13,10,10,10,12,10,12,10,9,10,9,11,13,13,12,11,11,10,8,11,9,10,10,11,10,501,16,1699,73,25.733333333333334,0.35251141552511417,48,19.433333333333334,0.4048611111111111,20,11.466666666666667,0.5733333333333334,583,772,344
10,8,11,9,10,11,11,11,10,10,10,9,9,10,10,21,43,49,39,28,25,21,15,17,15,14,13,14,13,14,8,12,9,10,10,12,10,11,12,10,8,10,9,8,11,16,31,62,76,69,55,40,32,26,25,21,20,18,18,21,7,12,10,8,9,13,11,10,10,11,10,16,25,40,47,45,37,28,21,18,16,16,14,15,15,15,14,14,14,14,501,16,1705,76,22.666666666666668,0.29824561403508776,49,16.333333333333332,0.3333333333333333,47,17.833333333333332,0.37943262411347517,490,680,535
10,9,11,14,28,54,73,82,89,78,61,52,44,47,45,43,44,43,39,38,38,33,33,25,26,21,21,18,19,16,8,10,9,12,23,62,96,131,137,116,91,66,54,48,42,38,38,35,31,33,30,26,27,25,22,22,18,19,20,19,12,19,18,18,23,20,19,18,16,13,13,13,14,13,12,14,13,12,11,9,14,11,11,9,13,11,11,10,14,11,503,16,2877,137,43.6,0.3182481751824818,89,38.46666666666667,0.4322097378277154,23,13.833333333333334,0.6014492753623188,1154,1308,415
29,35,25,23,20,18,17,19,19,20,22,23,21,17,25,29,30,36,37,32,27,22,20,15,17,13,13,14,12,14,58,68,50,35,30,30,25,27,23,24,22,24,20,22,24,27,25,28,27,29,27,24,23,21,20,18,17,17,14,13,17,20,18,14,13,12,14,11,11,13,10,11,13,12,13,15,14,15,11,13,14,12,13,11,12,10,11,11,10,12,321,10,1862,68,27.066666666666666,0.3980392156862745,37,22.133333333333333,0.5981981981981982,20,12.866666666666667,0.6433333333333333,664,812,386
17,28,25,17,15,13,14,13,13,13,11,13,13,12,10,12,10,10,10,11,12,9,11,9,10,12,12,10,7,11,16,31,39,35,30,26,24,21,19,18,17,15,15,15,14,13,13,13,15,14,12,12,13,13,11,12,12,13,11,10,10,12,17,17,20,26,27,25,22,26,26,21,20,17,15,14,13,13,14,11,14,13,13,11,10,12,12,12,12,11,56,1,1391,39,17.4,0.4461538461538461,28,12.766666666666667,0.455952380952381,27,16.2,0.6,383,522,486
17,23,19,15,14,12,12,12,11,10,11,10,12,11,9,11,13,9,7,11,11,10,10,10,9,8,10,11,7,11,48,62,49,36,33,30,25,22,21,19,18,20,17,15,13,17,13,13,14,12,12,13,15,13,12,14,11,10,12,12,15,18,15,17,18,21,18,17,15,16,28,49,46,33,24,23,18,21,18,16,17,17,12,12,14,14,13,13,14,13,276,9,1552,62,20.7,0.3338709677419355,23,11.533333333333333,0.5014492753623189,49,19.5,0.3979591836734694,346,621,585
17,39,39,33,27,19,18,18,16,13,15,15,12,13,13,13,11,14,10,11,14,12,13,11,11,10,12,12,13,11,18,32,37,32,23,23,22,22,21,19,19,17,23,19,18,15,16,12,15,13,13,11,12,14,12,11,10,12,11,11,11,11,11,10,12,11,12,11,12,13,14,16,23,20,21,18,22,21,18,20,16,15,16,14,15,11,15,14,11,12,279,9,1464,37,17.766666666666666,0.48018018018018016,39,16.166666666666668,0.41452991452991456,23,14.866666666666667,0.6463768115942029,485,533,446
14,18,17,15,13,12,15,14,11,14,13,12,14,11,10,13,12,11,12,10,7,12,11,9,8,12,12,9,12,12,20,25,23,23,20,15,21,31,30,31,33,32,28,28,29,25,26,20,27,25,21,16,20,18,15,15,14,15,14,14,11,9,10,11,10,10,12,10,13,14,15,16,15,18,18,18,18,20,23,26,22,20,17,15,14,15,11,12,12,14,91,3,1488,33,22.466666666666665,0.6808080808080808,18,12.166666666666666,0.6759259259259259,26,14.966666666666667,0.5756410256410256,365,674,449
33,57,44,31,24,20,17,16,15,15,15,14,15,15,14,14,15,12,12,13,12,11,12,11,12,14,8,9,11,10,205,383,276,164,107,79,65,57,53,48,41,42,39,36,34,30,31,28,28,25,26,20,21,20,21,18,16,17,16,17,8,8,9,9,8,10,12,12,7,14,8,9,9,10,12,10,10,9,9,22,32,43,41,29,22,16,17,16,14,16,291,9,2935,383,65.43333333333334,0.1708442123585727,57,17.366666666666667,0.30467836257309944,43,15.033333333333333,0.3496124031007752,521,1963,451
22,26,21,17,16,16,14,13,12,13,12,12,13,10,12,10,13,12,12,9,12,12,9,9,10,11,11,9,12,8,8,10,12,9,9,10,8,10,9,10,9,9,11,13,10,11,11,18,39,50,37,28,20,20,19,15,16,17,16,13,30,51,42,30,21,17,17,16,15,13,13,12,11,12,12,12,10,12,12,13,11,10,12,9,8,11,10,9,9,9,291,9,1334,50,15.9,0.318,26,12.933333333333334,0.49743589743589745,51,15.633333333333333,0.30653594771241827,388,477,469
14,27,24,20,18,15,19,18,22,18,15,15,13,14,11,12,12,12,9,12,11,8,13,9,12,9,12,9,11,12,17,32,31,30,35,39,58,82,123,99,74,56,47,40,32,32,29,27,25,25,22,22,18,19,19,18,18,17,17,17,10,11,13,12,11,16,21,32,40,37,37,38,30,26,27,28,28,24,25,25,24,21,18,19,17,15,15,14,12,13,331,11,2205,123,37.333333333333336,0.30352303523035234,27,14.2,0.5259259259259259,40,21.966666666666665,0.5491666666666666,426,1120,659
11,8,9,10,12,10,9,10,10,8,8,8,8,8,17,22,19,20,21,21,24,20,17,14,14,15,11,15,14,11,11,10,10,9,10,9,10,11,10,11,11,11,17,18,27,41,73,82,61,45,35,28,24,23,20,22,16,18,19,15,10,16,18,16,13,12,11,12,11,9,12,12,12,9,10,13,9,11,9,9,9,10,10,8,12,9,9,12,11,13,358,11,1448,82,23.566666666666666,0.28739837398373985,24,13.466666666666667,0.5611111111111111,18,11.233333333333333,0.624074074074074,404,707,337
40,50,38,30,22,23,21,17,18,16,14,15,16,15,15,13,14,13,14,11,13,13,9,13,11,12,10,12,10,12,181,242,167,112,83,70,64,55,49,42,43,42,36,35,33,32,31,35,32,27,27,24,22,19,16,17,17,18,17,18,48,65,45,34,26,23,22,19,17,17,16,14,16,15,14,15,16,17,15,14,15,14,14,14,11,12,11,14,12,12,222,7,2733,242,53.53333333333333,0.2212121212121212,50,17.666666666666668,0.35333333333333333,65,19.9,0.3061538461538461,530,1606,597
19,28,24,20,19,15,15,14,14,14,12,12,13,13,12,13,11,8,12,12,9,11,12,13,11,11,10,11,10,10,31,71,68,64,62,55,42,33,28,31,28,27,22,21,20,17,19,18,15,18,14,12,15,16,13,12,14,15,12,14,13,17,18,20,20,19,19,17,16,23,30,27,23,20,22,21,18,24,26,25,21,19,17,16,16,15,14,13,13,10,336,11,1807,71,27.566666666666666,0.3882629107981221,28,13.6,0.4857142857142857,30,19.066666666666666,0.6355555555555555,408,827,572
23,31,27,22,22,23,27,25,21,20,18,20,17,20,16,16,15,13,16,14,14,18,11,10,15,13,11,13,10,11,9,10,14,10,12,10,14,12,13,14,16,16,19,21,18,15,23,31,35,39,35,29,24,17,17,17,16,14,16,15,9,10,12,10,7,9,8,10,12,12,10,12,11,9,9,13,10,16,16,19,19,15,15,12,13,13,11,10,11,12,337,11,1438,39,18.366666666666667,0.47094017094017093,31,17.733333333333334,0.5720430107526882,19,11.833333333333334,0.6228070175438597,532,551,355
9,10,15,17,20,23,35,29,22,16,18,23,30,25,22,19,16,17,14,17,14,15,13,12,12,12,12,12,10,12,9,11,15,13,15,28,37,33,27,26,27,58,110,102,77,54,41,37,37,32,31,29,24,25,22,24,21,18,19,19,7,10,8,10,10,11,13,11,12,9,12,19,30,31,28,22,20,19,24,29,29,23,21,19,15,14,13,14,13,13,385,12,2051,110,34.03333333333333,0.3093939393939394,35,17.366666666666667,0.4961904761904762,31,16.966666666666665,0.5473118279569892,521,1021,509
20,24,22,32,36,24,21,20,17,16,15,14,13,16,13,14,13,14,12,11,14,9,13,11,11,10,13,13,10,11,17,18,23,41,59,43,32,26,27,25,22,23,28,31,26,22,23,25,23,21,19,19,19,19,14,12,15,11,11,13,11,10,7,12,12,12,11,12,12,12,10,13,14,17,14,15,19,21,19,17,19,20,20,16,16,13,12,13,11,12,414,13,1611,59,23.566666666666666,0.39943502824858756,36,16.066666666666666,0.4462962962962963,21,14.066666666666666,0.6698412698412698,482,707,422
11,15,18,15,12,12,11,13,11,10,11,11,13,10,10,10,10,10,11,10,10,10,10,10,12,11,10,10,10,9,17,30,28,26,21,27,30,32,30,25,32,31,23,23,21,18,20,15,16,16,15,15,12,11,12,12,16,10,14,14,11,9,13,11,11,13,15,18,16,16,27,26,23,20,18,21,20,19,19,23,19,20,15,13,14,14,14,13,12,14,416,13,1445,32,20.4,0.6375,18,11.2,0.6222222222222222,27,16.566666666666666,0.6135802469135803,336,612,497
14,30,29,23,17,15,15,15,14,13,11,12,12,10,11,11,12,11,10,12,10,12,9,13,11,9,11,13,9,11,28,86,85,57,41,32,30,33,28,25,23,23,24,27,27,24,21,21,16,16,17,15,13,17,13,12,13,13,12,12,13,15,15,15,12,12,11,14,14,16,14,15,17,27,28,31,26,23,22,22,21,17,17,14,15,15,16,12,14,12,189,6,1724,86,26.8,0.3116279069767442,30,13.5,0.45,31,17.166666666666668,0.5537634408602151,405,804,515
13,24,23,20,18,18,22,16,15,14,14,15,13,12,10,14,13,9,10,12,12,11,11,11,12,11,10,11,12,10,12,20,19,17,16,24,25,24,25,23,20,22,20,26,26,31,30,23,20,17,18,16,17,15,14,14,12,13,12,15,10,9,9,10,9,9,12,11,12,12,11,12,12,12,16,18,17,15,13,11,14,15,13,14,11,12,12,11,12,10,37,1,1366,31,19.533333333333335,0.6301075268817204,24,13.866666666666667,0.5777777777777778,18,12.133333333333333,0.674074074074074,416,586,364
13,18,17,17,17,16,24,51,76,59,40,29,26,23,20,18,21,18,19,20,21,17,17,15,16,13,13,14,14,12,10,11,11,10,12,11,22,75,126,100,63,44,37,30,31,31,32,29,45,87,89,63,45,34,31,26,24,27,21,20,10,12,10,11,10,9,10,8,8,9,9,9,11,11,9,10,10,10,11,12,24,26,21,16,14,15,14,13,10,11,74,2,2254,126,39.9,0.31666666666666665,76,23.133333333333333,0.3043859649122807,26,12.1,0.4653846153846154,694,1197,363
9,10,12,12,14,10,9,12,8,12,11,9,9,11,11,13,12,17,20,16,14,14,12,12,11,12,12,11,11,11,13,17,30,82,86,56,40,36,36,33,30,26,26,28,37,33,32,59,76,64,53,42,35,29,27,27,24,23,17,19,17,25,28,61,62,41,29,26,27,21,19,19,21,18,19,20,15,18,19,19,18,14,15,15,13,12,11,13,12,12,299,9,2152,86,37.86666666666667,0.44031007751937984,20,11.9,0.595,62,21.966666666666665,0.35430107526881716,357,1136,659
13,20,23,21,19,17,18,21,18,17,14,15,15,13,11,13,14,14,10,13,11,13,13,10,10,12,9,12,10,11,12,15,19,18,19,21,24,29,30,24,18,19,19,19,19,17,21,29,27,23,18,17,15,17,14,13,13,13,13,12,10,10,12,10,10,11,10,12,13,13,11,10,11,11,11,11,14,17,20,16,13,11,13,14,12,12,13,13,12,12,301,10,1365,30,18.9,0.63,23,14.333333333333334,0.6231884057971014,20,12.266666666666667,0.6133333333333334,430,567,368
13,17,13,12,14,14,10,12,10,11,9,12,9,11,10,12,11,10,9,10,12,12,9,9,8,8,11,11,9,11,21,31,24,23,25,25,28,26,25,25,24,22,23,20,20,18,16,17,17,13,15,12,13,12,13,10,16,13,11,12,13,14,13,9,13,12,16,17,19,19,17,16,18,20,22,17,20,18,18,16,16,14,12,13,14,11,12,13,10,12,248,8,1353,31,19.0,0.6129032258064516,17,10.966666666666667,0.6450980392156863,22,15.133333333333333,0.6878787878787879,329,570,454
15,18,18,14,13,12,14,14,14,12,13,11,11,11,10,10,10,10,9,11,10,11,11,11,11,11,9,13,12,12,20,26,24,21,19,16,17,19,26,23,24,26,28,28,25,24,30,28,24,19,19,21,17,15,14,14,17,16,13,14,8,11,13,9,12,12,9,14,13,13,12,15,15,19,18,20,30,31,25,22,25,24,24,17,16,18,13,12,14,16,251,8,1488,30,20.9,0.6966666666666667,18,12.033333333333333,0.6685185185185185,31,16.666666666666668,0.5376344086021506,361,627,500
28,43,31,24,21,19,18,14,15,15,12,14,14,13,12,11,13,12,12,11,10,12,10,12,13,12,11,11,12,11,33,49,42,32,29,27,27,22,23,23,22,24,30,28,29,26,22,21,19,20,19,17,14,16,16,13,11,13,14,12,10,12,14,9,14,10,12,14,14,12,14,16,21,25,29,26,23,22,25,31,32,23,20,19,17,16,13,14,14,14,393,13,1694,49,23.1,0.4714285714285715,43,15.533333333333333,0.3612403100775194,32,17.833333333333332,0.5572916666666666,466,693,535
12,17,15,14,12,20,56,102,95,73,52,38,30,28,24,23,22,19,20,21,20,15,18,16,17,18,14,15,12,13,12,14,15,16,16,21,61,139,151,129,102,75,58,45,41,36,36,32,28,33,34,26,25,26,23,22,21,17,18,16,10,9,9,9,9,10,10,18,20,23,21,21,19,17,16,18,17,17,22,41,44,31,24,21,18,18,17,13,15,13,237,7,2689,151,42.93333333333333,0.284326710816777,102,28.366666666666667,0.2781045751633987,44,18.333333333333332,0.41666666666666663,851,1288,550
11,14,15,22,24,21,17,17,15,13,12,11,12,12,12,12,12,13,12,13,11,14,13,11,11,11,11,9,11,12,14,26,40,132,161,115,79,57,53,51,46,42,38,33,32,33,30,29,27,25,25,23,23,20,19,19,17,15,16,14,12,15,18,40,47,37,29,24,29,33,28,27,29,25,23,27,30,31,28,24,24,23,22,19,17,18,16,14,14,14,272,9,2395,161,41.8,0.25962732919254655,24,13.466666666666667,0.5611111111111111,47,24.566666666666666,0.5226950354609929,404,1254,737
42,87,72,50,36,31,25,22,21,19,18,17,19,16,17,16,16,14,13,14,12,13,13,14,15,11,13,11,13,10,54,127,106,70,47,41,39,35,29,26,26,27,24,25,27,24,27,28,28,23,24,19,18,16,16,15,15,13,15,14,11,15,14,13,9,11,11,14,10,11,9,9,11,10,10,14,16,18,20,18,21,20,15,12,13,13,12,12,13,11,293,9,2084,127,33.266666666666666,0.26194225721784775,87,23.0,0.26436781609195403,21,13.2,0.6285714285714286,690,998,396
9,10,11,11,11,9,12,10,13,11,12,14,22,53,93,97,77,54,44,35,31,30,28,24,23,22,21,19,17,16,16,21,23,23,23,26,24,20,21,24,25,28,61,219,361,315,214,148,110,91,77,65,60,51,51,44,39,39,37,35,9,7,11,12,12,10,13,8,12,11,10,11,8,8,10,10,8,9,15,13,20,15,15,14,12,11,9,9,12,11,338,11,3465,361,76.36666666666666,0.21154201292705446,97,27.966666666666665,0.2883161512027491,20,11.166666666666666,0.5583333333333333,839,2291,335
10,11,12,10,11,11,9,9,11,9,10,14,17,22,25,26,28,36,34,37,28,28,21,19,17,15,14,17,13,16,11,16,15,18,19,19,16,16,17,15,17,23,30,29,31,27,26,27,26,26,22,19,18,16,15,14,14,14,14,13,12,19,13,14,14,14,14,13,11,13,11,12,10,11,10,11,12,10,12,12,8,11,10,9,9,10,9,8,12,9,293,9,1466,31,19.433333333333334,0.6268817204301075,37,18.0,0.4864864864864865,19,11.433333333333334,0.6017543859649123,540,583,343
9,8,10,6,9,11,10,11,13,12,13,15,17,20,25,35,38,34,28,24,22,20,20,18,17,13,15,12,13,12,12,17,17,13,14,16,18,17,22,41,51,63,56,45,37,32,30,27,25,23,22,20,19,17,17,18,15,16,15,13,14,15,15,16,14,16,15,17,18,18,18,18,23,19,25,22,22,21,19,16,13,14,13,11,12,14,12,10,12,11,520,17,1741,63,24.933333333333334,0.39576719576719577,38,17.0,0.4473684210526316,25,16.1,0.644,510,748,483
15,19,19,17,14,14,14,13,15,14,12,12,15,12,12,13,13,11,13,12,10,11,13,10,9,10,11,9,11,11,19,30,33,28,23,22,22,18,22,21,18,20,25,29,26,26,32,32,41,50,41,28,23,22,20,17,17,17,16,15,10,11,11,9,11,9,12,13,10,11,11,10,12,15,14,14,15,16,28,34,28,21,20,17,15,14,13,15,13,10,58,1,1579,50,25.1,0.502,19,12.8,0.6736842105263158,34,14.733333333333333,0.4333333333333333,384,753,442
15,23,19,16,18,14,12,16,14,13,13,12,13,12,12,10,11,13,10,10,9,10,9,12,10,9,9,11,12,10,11,17,15,16,18,24,23,33,40,36,35,27,22,20,17,16,13,15,15,16,13,15,14,15,15,12,11,12,14,12,10,12,10,10,11,12,9,14,15,21,24,20,18,19,18,22,22,19,16,21,20,19,15,13,13,12,12,12,12,12,209,6,1402,40,18.733333333333334,0.4683333333333334,23,12.566666666666666,0.5463768115942029,24,15.433333333333334,0.6430555555555556,377,562,463
51,83,67,45,34,26,24,20,22,19,16,17,17,14,17,17,15,15,14,13,11,14,12,14,11,11,13,13,11,12,9,12,8,10,10,11,11,10,14,24,36,63,106,151,192,204,188,152,115,94,78,62,52,50,45,43,39,35,33,32,14,9,10,11,10,9,8,11,22,83,153,172,167,147,119,92,73,62,49,41,40,36,36,31,30,27,25,23,24,20,444,14,4111,204,62.96666666666667,0.30866013071895426,83,22.266666666666666,0.2682730923694779,172,51.8,0.3011627906976744,668,1889,1554
11,12,12,14,14,13,16,15,17,18,28,29,25,23,24,26,24,28,27,22,23,24,20,20,17,18,15,13,12,13,11,16,30,72,63,52,46,43,37,30,26,22,21,21,17,16,16,17,16,14,16,15,11,13,16,14,12,13,13,14,12,11,11,10,10,9,10,12,10,11,9,11,9,12,10,13,16,15,18,19,29,34,31,23,18,17,17,16,16,11,431,14,1746,72,24.1,0.33472222222222225,29,19.1,0.6586206896551725,34,15.0,0.4411764705882353,573,723,450
11,12,13,20,22,21,20,19,22,27,30,27,22,24,22,22,21,20,19,19,17,17,18,19,16,14,11,15,12,11,18,32,40,68,71,55,40,31,27,25,25,20,23,18,16,17,15,15,14,16,14,15,14,16,12,12,13,11,13,13,10,13,10,11,10,8,11,8,12,12,12,10,12,8,11,11,13,15,15,13,16,19,19,15,18,16,12,11,14,14,431,14,1661,71,23.966666666666665,0.33755868544600937,30,18.766666666666666,0.6255555555555555,19,12.633333333333333,0.6649122807017543,563,719,379
10,11,9,10,8,11,10,8,8,10,10,11,12,13,12,13,12,13,15,15,19,27,28,21,17,14,13,15,13,14,11,8,12,11,10,9,10,10,10,8,9,8,12,11,10,10,12,13,17,27,39,51,48,35,27,21,20,18,15,17,11,12,11,11,10,9,11,12,12,14,12,15,20,27,27,22,19,18,16,17,13,14,14,15,13,13,13,13,11,10,281,9,1356,51,17.3,0.3392156862745098,28,13.4,0.4785714285714286,27,14.5,0.5370370370370371,402,519,435
10,13,11,9,9,10,10,11,10,10,8,8,10,8,11,12,14,20,23,17,15,14,12,13,12,10,12,12,13,13,10,11,10,8,9,10,8,8,8,11,10,10,13,6,9,16,28,60,129,174,151,113,80,59,47,40,36,33,32,26,10,11,10,11,10,11,11,10,11,9,9,9,10,12,9,9,8,13,15,17,19,16,14,13,13,14,14,13,10,9,445,14,1875,174,38.833333333333336,0.22318007662835251,23,12.0,0.5217391304347826,19,11.666666666666666,0.6140350877192983,360,1165,350
11,18,24,18,14,13,12,13,12,13,13,13,12,13,11,12,11,13,12,7,11,12,8,12,10,11,10,10,12,11,19,68,106,79,56,41,38,38,43,42,37,34,37,33,30,29,28,27,26,25,26,23,20,17,18,17,15,14,15,14,14,18,29,23,19,15,12,17,18,18,17,15,18,16,15,16,16,16,15,16,17,18,14,13,14,14,12,11,12,13,44,1,1868,106,33.833333333333336,0.31918238993710696,24,12.4,0.5166666666666667,29,16.033333333333335,0.5528735632183909,372,1015,481
11,12,22,30,25,20,19,15,15,15,12,12,12,13,12,10,13,10,10,12,11,10,12,11,10,9,12,10,10,10,12,10,9,10,8,11,11,12,9,10,9,11,11,9,8,10,10,12,54,146,224,208,147,103,75,59,53,44,42,37,10,10,15,20,18,21,19,21,17,15,16,14,14,13,14,10,13,12,13,11,12,13,13,17,14,12,14,14,11,8,374,12,2203,224,45.8,0.2044642857142857,30,13.5,0.45,21,14.133333333333333,0.673015873015873,405,1374,424
11,11,9,9,12,8,10,9,12,11,9,7,10,10,10,11,10,11,10,11,12,16,19,32,43,40,31,24,20,19,11,9,12,11,10,10,9,10,11,10,8,8,10,11,11,9,11,10,11,10,43,93,84,61,43,33,29,25,22,23,10,11,8,9,9,9,10,8,9,10,9,11,12,8,10,11,9,7,17,45,54,40,26,22,20,18,15,16,14,11,422,14,1583,93,21.933333333333334,0.23584229390681005,43,15.233333333333333,0.35426356589147284,54,15.6,0.28888888888888886,457,658,468
11,9,12,13,14,16,21,20,17,16,15,12,14,10,11,12,13,10,12,9,13,9,10,10,10,12,12,11,10,10,8,8,10,9,9,10,15,36,42,31,25,19,16,14,16,15,14,17,24,29,33,31,28,26,22,18,14,16,14,14,20,47,47,36,27,21,20,18,15,15,16,13,15,14,14,14,10,12,12,13,10,13,13,12,13,9,10,12,10,10,155,5,1468,42,19.433333333333334,0.4626984126984127,21,12.466666666666667,0.5936507936507937,47,17.033333333333335,0.3624113475177305,374,583,511
36,49,38,29,22,22,21,19,16,18,18,14,13,13,13,16,14,14,12,11,12,11,12,10,12,11,11,14,10,11,28,43,36,25,24,24,30,29,26,23,24,25,23,20,30,46,39,31,23,23,21,18,19,16,18,16,13,16,12,14,13,10,10,10,8,12,11,14,13,13,11,12,10,15,23,34,32,24,18,18,18,16,16,15,14,14,13,14,14,11,309,10,1713,46,24.5,0.532608695652174,49,17.4,0.3551020408163265,34,15.2,0.44705882352941173,522,735,456
10,14,12,12,12,17,16,17,13,11,15,11,13,10,9,11,11,11,8,11,11,11,10,9,10,12,12,10,11,12,13,17,14,12,21,50,51,36,28,25,31,28,27,27,29,26,25,22,19,19,17,18,14,15,14,14,14,13,14,13,9,8,12,10,13,18,20,15,12,14,16,16,19,24,26,21,25,20,21,16,19,18,16,15,14,15,12,13,14,14,397,13,1503,51,22.2,0.43529411764705883,17,11.733333333333333,0.6901960784313725,26,16.166666666666668,0.6217948717948718,352,666,485
16,23,23,22,22,21,21,18,21,19,20,17,14,14,12,12,12,11,13,10,12,12,12,12,12,11,10,10,11,10,17,25,25,19,21,24,26,32,45,70,74,57,46,40,34,29,27,23,25,22,19,19,17,17,17,17,14,16,15,12,10,10,11,11,10,9,13,16,33,51,47,36,44,50,45,40,39,39,38,33,31,30,28,23,23,18,18,17,18,15,512,17,2103,74,28.133333333333333,0.3801801801801802,23,15.1,0.6565217391304348,51,26.866666666666667,0.526797385620915,453,844,806
35,53,47,49,46,39,31,27,23,18,21,20,21,17,14,16,14,13,12,14,13,12,13,13,13,14,11,10,10,11,17,28,31,41,48,45,44,40,33,30,29,30,30,31,33,35,41,40,32,28,26,25,22,20,18,18,18,17,14,14,11,8,11,9,12,7,12,12,12,14,13,14,15,18,17,27,58,56,44,41,52,53,41,30,26,21,23,18,18,17,514,17,2238,48,29.266666666666666,0.6097222222222222,53,21.666666666666668,0.4088050314465409,58,23.666666666666668,0.40804597701149425,650,878,710
12,22,20,21,17,17,17,16,17,14,16,14,15,15,15,14,13,14,10,11,12,12,13,11,10,12,12,12,11,11,11,13,12,15,14,19,25,24,20,24,22,31,52,48,34,28,28,30,27,28,26,23,22,20,19,15,17,17,13,14,12,12,10,10,10,9,11,12,10,9,11,14,18,17,15,15,16,19,18,23,20,17,19,14,13,11,12,11,12,12,250,8,1529,52,23.033333333333335,0.442948717948718,22,14.2,0.6454545454545454,23,13.733333333333333,0.5971014492753622,426,691,412
19,34,45,40,35,38,40,35,32,23,23,19,18,19,16,17,15,16,15,12,13,12,11,11,13,11,15,14,12,12,14,34,43,44,50,116,137,111,84,65,53,48,48,42,39,39,36,36,36,34,28,28,25,23,21,21,17,19,19,16,10,11,12,11,13,20,22,20,18,15,16,13,15,14,16,17,16,19,24,23,21,22,19,17,15,13,11,13,13,10,304,10,2440,137,44.2,0.3226277372262774,45,21.166666666666668,0.4703703703703704,24,15.966666666666667,0.6652777777777777,635,1326,479
13,20,25,34,28,22,23,18,20,16,25,27,23,16,17,17,15,14,14,14,12,13,11,11,10,12,9,12,13,11,9,13,15,17,19,18,18,19,18,26,83,101,72,51,40,32,28,26,27,26,24,23,21,17,18,18,17,15,15,14,13,12,13,13,10,9,9,11,9,11,12,12,11,12,9,10,11,12,14,17,11,13,14,11,11,13,11,10,10,10,349,11,1699,101,28.0,0.27722772277227725,34,17.166666666666668,0.5049019607843137,17,11.466666666666667,0.6745098039215687,515,840,344
12,16,16,15,12,9,14,11,13,10,11,13,8,10,11,10,11,11,9,10,11,10,11,8,9,12,12,11,9,7,9,11,12,16,13,13,12,12,18,57,86,68,49,35,32,33,39,40,34,28,30,34,33,30,24,23,21,18,19,19,14,20,24,31,23,21,18,14,13,13,12,12,14,12,12,12,12,11,12,9,11,11,10,9,12,13,11,10,11,9,261,8,1616,86,28.933333333333334,0.3364341085271318,16,11.066666666666666,0.6916666666666667,31,13.866666666666667,0.44731182795698926,332,868,416
9,11,8,12,9,10,11,27,34,34,28,21,25,23,17,16,17,17,12,15,15,14,13,14,13,12,12,9,12,10,9,11,9,10,10,12,9,19,32,34,32,29,40,31,27,28,28,28,28,25,22,21,20,19,19,19,18,18,18,16,10,9,8,12,10,8,11,11,12,11,10,10,10,12,11,10,12,10,11,10,11,13,12,13,13,14,15,15,17,15,23,0,1467,40,21.366666666666667,0.5341666666666667,34,16.0,0.47058823529411764,17,11.533333333333333,0.6784313725490196,480,641,346
9,9,12,9,12,11,13,31,61,58,43,35,34,37,42,52,56,95,124,142,196,206,165,115,82,65,55,51,44,43,8,11,11,12,18,25,68,104,126,158,154,166,189,198,217,210,194,206,206,181,168,146,121,97,82,68,63,57,55,49,15,27,29,28,22,16,16,14,13,13,16,18,28,42,50,63,82,92,92,90,100,99,77,54,45,35,33,32,28,28,172,5,6572,217,112.26666666666667,0.517357910906298,206,63.56666666666667,0.3085760517799353,100,43.233333333333334,0.43233333333333335,1907,3368,1297
10,8,10,8,10,10,8,12,10,12,11,8,8,9,8,10,11,8,10,15,15,15,10,13,12,7,11,11,9,11,12,10,8,10,11,10,10,9,9,9,8,9,10,11,10,9,10,10,22,71,68,46,33,26,21,19,17,19,14,15,10,12,8,11,9,10,11,8,13,9,10,9,10,10,11,11,13,12,17,39,47,36,31,28,28,25,23,20,17,18,172,5,1372,71,18.2,0.2563380281690141,15,10.333333333333334,0.6888888888888889,47,17.2,0.3659574468085106,310,546,516
9,10,10,11,7,10,10,9,10,12,14,26,34,42,35,30,21,20,17,16,15,15,13,12,13,13,14,13,14,10,8,9,8,9,11,10,11,10,9,9,8,10,16,32,47,45,37,26,24,19,17,15,18,15,14,14,11,13,13,14,11,6,9,8,12,10,9,11,11,8,10,11,10,10,9,9,11,10,11,8,10,9,9,9,9,9,12,19,22,29,172,5,1318,47,16.733333333333334,0.35602836879432626,42,16.166666666666668,0.38492063492063494,29,11.033333333333333,0.38045977011494253,485,502,331
21,46,41,28,21,17,15,12,17,15,12,12,12,11,13,11,12,12,11,12,14,13,12,9,10,11,10,11,11,10,49,141,127,82,55,42,36,30,28,25,25,23,22,20,20,18,19,19,18,17,18,13,16,16,14,13,14,11,10,13,15,39,44,46,48,60,52,41,32,27,24,21,17,18,17,14,16,16,15,17,15,14,14,15,12,14,11,12,12,11,173,5,2125,141,31.8,0.225531914893617,46,15.4,0.3347826086956522,60,23.633333333333333,0.3938888888888889,462,954,709
10,9,11,11,9,12,8,12,11,12,9,12,12,12,12,15,14,16,20,24,21,18,18,13,11,17,11,13,12,12,8,10,13,11,9,10,12,12,15,28,44,40,33,28,25,23,23,22,25,25,21,17,15,15,14,13,13,13,14,12,11,15,14,12,12,9,12,12,19,32,36,30,22,19,19,15,15,12,12,14,15,11,12,13,11,13,11,12,13,12,428,14,1425,44,18.766666666666666,0.4265151515151515,24,13.233333333333333,0.5513888888888888,36,15.5,0.4305555555555556,397,563,465
9,9,11,8,10,12,11,10,12,10,11,12,13,10,9,11,9,13,13,15,18,19,16,16,14,11,12,12,11,14,54,76,55,41,29,27,22,21,18,15,19,15,14,14,16,13,13,15,13,14,15,13,13,11,13,10,12,11,13,12,12,16,15,19,19,21,19,17,15,13,11,12,14,11,13,11,13,12,10,11,12,11,11,11,11,11,11,10,10,12,85,2,1382,76,20.9,0.27499999999999997,19,12.033333333333333,0.6333333333333333,21,13.133333333333333,0.6253968253968254,361,627,394
11,16,17,20,19,19,17,13,14,15,12,12,12,13,12,13,14,14,12,10,12,12,9,12,12,12,12,12,12,12,15,23,25,34,48,43,31,30,33,30,28,21,23,24,24,32,38,32,26,22,22,21,17,17,17,18,16,15,13,14,9,12,14,11,15,12,11,13,12,13,9,15,10,13,14,20,19,18,15,15,14,13,13,10,11,11,11,11,11,11,144,4,1540,48,25.066666666666666,0.5222222222222223,20,13.4,0.67,20,12.866666666666667,0.6433333333333333,402,752,386
12,14,16,13,13,10,12,12,11,9,11,12,11,9,11,11,13,10,9,10,12,8,9,11,9,11,7,11,13,12,22,42,39,31,26,26,23,23,23,22,21,21,21,23,25,24,29,26,22,21,19,18,20,13,16,13,13,12,12,13,9,12,11,14,13,13,12,13,9,12,10,11,15,18,17,19,23,23,21,20,21,18,16,15,14,15,12,13,12,12,147,4,1434,42,21.966666666666665,0.5230158730158729,16,11.066666666666666,0.6916666666666667,23,14.766666666666667,0.6420289855072464,332,659,443
29,36,32,26,27,28,24,23,20,17,17,14,15,13,12,13,13,14,12,11,10,12,11,11,9,12,12,11,11,10,13,13,13,16,25,22,24,36,35,30,24,28,27,29,41,37,28,24,20,21,14,16,15,17,16,14,13,16,16,13,9,10,10,10,9,11,12,11,15,11,14,15,17,36,66,63,45,36,31,28,25,25,23,18,18,16,17,18,17,14,104,3,1811,41,21.866666666666667,0.5333333333333333,36,16.833333333333332,0.46759259259259256,66,21.666666666666668,0.3282828282828283,505,656,650
30,49,45,35,28,21,19,17,18,15,14,15,13,14,15,13,13,13,12,13,9,11,11,9,12,10,11,9,10,11,17,35,71,83,67,48,36,30,26,24,21,22,17,18,18,17,15,15,15,15,14,14,14,11,13,11,11,14,10,14,10,12,18,23,24,21,19,21,29,34,31,25,24,20,20,18,17,14,14,14,13,11,13,14,12,11,12,12,11,10,104,3,1778,83,24.533333333333335,0.2955823293172691,49,17.166666666666668,0.35034013605442177,34,17.566666666666666,0.5166666666666666,515,736,527
23,32,30,24,23,26,25,21,25,24,28,46,79,86,86,96,83,70,68,69,63,53,44,39,36,31,29,26,27,22,8,11,12,9,10,12,9,11,11,12,15,34,63,62,76,120,127,138,172,204,185,145,108,88,69,58,52,46,44,41,9,11,11,12,8,11,10,11,10,9,10,11,11,11,14,14,18,24,26,31,31,24,20,18,16,13,14,14,13,12,105,3,3733,204,65.06666666666666,0.31895424836601305,96,44.46666666666667,0.46319444444444446,31,14.9,0.4806451612903226,1334,1952,447
14,18,18,13,12,16,16,19,16,14,12,12,11,12,12,9,12,9,10,13,11,10,11,11,11,9,9,9,11,11,19,27,20,21,27,47,63,65,54,40,31,26,25,23,18,20,18,22,20,22,21,20,17,16,14,17,14,13,13,13,12,10,11,10,12,19,25,22,22,19,15,16,16,16,16,18,20,34,51,58,54,42,34,27,24,20,22,18,17,16,229,7,1833,65,25.533333333333335,0.39282051282051283,19,12.366666666666667,0.6508771929824562,58,23.2,0.39999999999999997,371,766,696
25,41,32,24,18,17,18,16,13,11,13,12,10,11,15,12,12,11,14,9,13,9,13,9,11,12,10,9,11,11,58,124,101,66,45,32,30,25,26,22,20,19,20,19,17,16,18,16,16,17,14,12,13,14,13,14,11,13,12,13,22,38,41,37,31,25,21,17,14,16,17,14,13,13,13,13,13,12,13,12,13,13,12,10,10,11,12,9,14,8,468,15,1785,124,27.866666666666667,0.22473118279569892,41,14.733333333333333,0.3593495934959349,41,16.9,0.4121951219512195,442,836,507
20,40,42,34,27,24,23,21,21,25,25,32,36,31,25,20,19,24,25,20,20,18,16,15,16,16,13,12,12,14,31,48,40,31,22,19,18,18,19,18,22,33,42,41,30,27,30,52,71,54,46,43,36,30,24,24,22,24,19,16,40,57,38,28,21,18,18,14,16,14,16,15,13,15,15,14,13,18,24,19,18,18,15,16,16,15,13,13,12,10,469,15,2208,71,31.666666666666668,0.4460093896713615,42,22.866666666666667,0.5444444444444445,57,19.066666666666666,0.3345029239766082,686,950,572
